Tool,Moniker,Category,Severity,RSS Available,Feed URL,Tracking Method,Repo URL,Repo Status,Stars,Contributors,Docs URL,Website URL,Source Type,Discovery Method,Launch Status,Last Seen Update,Status
Aider,aider-cli,Editor/IDE,Minor,‚úÖ,https://github.com/paul-gauthier/aider/releases.atom,RSS direct,https://github.com/paul-gauthier/aider,Active,6500,120,N/A,N/A,,,,,Minor: v0.86.2.dev (2025-09-15)
Zed,zed-editor,Editor/IDE,Minor,‚úÖ,https://github.com/zed-industries/zed/releases.atom,RSS direct,https://github.com/zed-industries/zed,Active,61400,1033,https://zed.dev/docs,https://zed.dev,,,,,Minor: nightly: language_models: Add support for API key to Ollama provider (#34110) (2025-09-15)
Cursor,cursor-ide,Editor/IDE,Major,‚ùå,N/A,Scrape/manual,N/A,Closed-source,,,https://docs.cursor.com/chat/overview,https://cursor.com,,,,,Minor: Show HN: Chartz.ai ‚Äì Cursor for Data Analytics (2025-09-14)
Windsurf,winds-codeium,Editor/IDE,Minor,‚ùå,N/A,Scrape/manual,N/A,Closed-source,,,https://docs.codeium.com/windsurf/getting-started,https://codeium.com/windsurf,,,,,"Minor: Three weeks after acquiring Windsurf, Cognition offers staff the exit door (2025-08-05)"
GitHub Copilot,gh-copilot,Editor/IDE,Minor,‚ùå,N/A,Scrape/manual,N/A,Closed-source,,,N/A,https://github.com/features/copilot,,,,,Minor: GitHub Copilot for Raycast (2025-08-28)
JetBrains AI Assistant,jb-ai-assistant,Editor/IDE,Minor,‚ùå,N/A,Scrape/manual,N/A,Closed-source,,,N/A,https://jetbrains.com,,,,,
Amazon Q Developer,aws-q-dev,Editor/IDE,Minor,‚ùå,N/A,Scrape/manual,N/A,Closed-source,,,N/A,https://aws.amazon.com/q/developer,,,,,
Gemini Code Assist,gcp-gemini-code,Editor/IDE,Minor,‚ùå,N/A,Scrape/manual,N/A,Closed-source,,,N/A,https://cloud.google.com/products/gemini/code-assist,,,,,
Qodo Gen,qodo-gen,Editor/IDE,Minor,‚ùå,N/A,Scrape/manual,N/A,Closed-source,,,https://docs.qodo.ai,https://qodo.ai/products/ide-plugin,,,,,
Work with Apps by ChatGPT,openai-work-apps,Editor/IDE,Minor,‚ùå,N/A,Scrape/manual,N/A,Closed-source,,,N/A,https://openai.com/chatgpt/desktop,,,,,
Claude Code,claude-code,Agent,Major,‚ùå,https://www.anthropic.com/rss.xml,Blog RSS filter,N/A,Closed-source,,,https://docs.anthropic.com/en/docs/claude-code,https://anthropic.com/claude-code,,,,,Minor: Show HN: Stop Notifications from Codex CLI and Claude Code (2025-09-10)
OpenHands,openhands,Agent,Minor,‚úÖ,https://github.com/All-Hands-AI/OpenHands/releases.atom,RSS direct,https://github.com/All-Hands-AI/OpenHands,Active,37800,213,https://docs.all-hands.dev,N/A,,,,,Minor: 0.56.0 - 2025-09-09 (2025-09-15)
Cline,cline-agent,Agent,Minor,‚úÖ,https://github.com/cline/cline/releases.atom,RSS direct,https://github.com/cline/cline,Active,13200,7,N/A,N/A,,,,,Minor: v3.28.4 (2025-09-15)
Devin AI,devin-ai,Agent,Ignore,‚ùå,N/A,Scrape/manual,N/A,Closed-source,,,N/A,https://cognition.ai/blog/introducing-devin,,,,,
ChatDev,chatdev,Agent,Ignore,‚úÖ,https://github.com/OpenBMB/ChatDev/releases.atom,RSS direct,https://github.com/OpenBMB/ChatDev,Semi-active,,,https://arxiv.org/pdf/2307.07924.pdf,N/A,,,,,Major: v1.1.6 (2025-09-15)
GPT Pilot by Pythagora,gpt-pilot,Agent,Ignore,‚úÖ,https://github.com/Pythagora-io/gpt-pilot/releases.atom,RSS direct,https://github.com/Pythagora-io/gpt-pilot,Semi-active,,,N/A,N/A,,,,,Minor: 0.2.13 (2025-09-15)
MetaGPT,metagpt,Agent,Ignore,‚úÖ,https://github.com/geekan/MetaGPT/releases.atom,RSS direct,https://github.com/geekan/MetaGPT,Semi-active,,,https://docs.deepwisdom.ai/main/en,N/A,,,,,Minor: v0.8.2 (2025-09-15)
Gorilla,gorilla-berkeley,Agent,Ignore,‚úÖ,https://github.com/ShishirPatil/gorilla/releases.atom,RSS direct,https://github.com/ShishirPatil/gorilla,Inactive,,,N/A,https://gorilla.cs.berkeley.edu,,,,,Major: Berkeley Function Calling Leaderboard Updates (v1.3) (2025-09-15)
CodeMate,codemate,Code Review,Minor,‚ùå,N/A,Scrape/manual,N/A,Closed-source,,,https://docs.codemate.ai,https://codemate.ai,,,,,
CodeRabbit,coderabbit,Code Review,Minor,‚ùå,N/A,Scrape/manual,N/A,Closed-source,,,https://docs.coderabbit.ai,https://coderabbit.ai,,,,,Security: How We Exploited CodeRabbit: From a Simple PR to RCE and Write Access on 1M Repositories (2025-08-19)
Qodo Merge,qodo-merge,Code Review,Minor,‚úÖ,https://github.com/Codium-ai/pr-agent/releases.atom,RSS direct,https://github.com/Codium-ai/pr-agent,Active,6100,88,https://qodo-merge-docs.qodo.ai,https://qodo.ai/products/git-plugin,,,,,Minor: v0.30 (2025-09-15)
GitLab Duo,gitlab-duo,Code Review,Minor,‚ùå,N/A,Scrape/manual,N/A,Closed-source,,,https://docs.gitlab.com/ee/user/gitlab_duo,https://about.gitlab.com/gitlab-duo,,,,,
AI Code Review Action,gh-ai-code-review-action,Code Review,Minor,‚úÖ,https://github.com/marketplace/actions/ai-code-review-action/releases.atom,RSS direct,https://github.com/marketplace/actions/ai-code-review-action,Active,,,N/A,N/A,,,,,
Korbit,korbit,Code Review,Minor,‚ùå,N/A,Scrape/manual,N/A,Closed-source,,,N/A,https://korbit.ai,,,,,
Supermaven,supermaven,Misc,Ignore,‚ùå,N/A,N/A,N/A,Merged into Cursor,,,N/A,https://supermaven.com,,,,,
PolitePol,politepol,Misc,Ignore,‚ùå,N/A,N/A,https://github.com/taroved/pol,Active,,,N/A,https://politepol.com,,,,,
Code ReviewManage code changes,code-reviewmanage-code-changes,pending_review,,,,,,,,,,https://github.com/features/code-review,Scraped,site_rescan,,,pending_review
DiscussionsCollaborate outside of code,discussionscollaborate-outside-of-code,pending_review,,,,,,,,,,https://github.com/features/discussions,Scraped,site_rescan,,,pending_review
Preview GitHub Copilot coding agent,preview-github-copilot-coding-agent,pending_review,,,,,,,,,,http://gh.io/copilot-coding-agent-docs,Scraped,site_rescan,,,pending_review
JetBrainsIDEs,jetbrainsides,pending_review,,,,,,,,,,https://plugins.jetbrains.com/plugin/17718-github-copilot,Scraped,site_rescan,,,pending_review
agent mode,agent-mode,pending_review,,,,,,,,,,https://developers.google.com/gemini-code-assist/docs/use-agentic-chat-pair-programmer#before-you-begin,Scraped,site_rescan,,,pending_review
JetBrains IDEs,jetbrains-ides,pending_review,,,,,,,,,,https://cloud.google.com/gemini/docs/codeassist/write-code-gemini#intellij,Scraped,site_rescan,,,pending_review
Cloud Shell Editor,cloud-shell-editor,pending_review,,,,,,,,,,https://cloud.google.com/code/docs/shell/write-code-gemini,Scraped,site_rescan,,,pending_review
Gemini in JetBrains IDEs,gemini-in-jetbrains-ides,pending_review,,,,,,,,,,https://plugins.jetbrains.com/plugin/24198-gemini-code-assist/,Scraped,site_rescan,,,pending_review
"Introducing Qodo Command: Build, Run, and Automate Agents Anywhere in your SDLC",introducing-qodo-command-build-run-and-automate-agents-anywhere-in-your-sdlc,pending_review,,,,,,,,,,https://www.qodo.ai/blog/introducing-qodo-gen-cli-build-run-and-automate-agents-anywhere-in-your-sdlc/,Scraped,site_rescan,,,pending_review
"Qodo CommandBuild, manage and run agents from the terminal",qodo-commandbuild-manage-and-run-agents-from-the-terminal,pending_review,,,,,,,,,,https://www.qodo.ai/products/qodo-command/,Scraped,site_rescan,,,pending_review
Qodo MergeGit agent for code review,qodo-mergegit-agent-for-code-review,pending_review,,,,,,,,,,https://www.qodo.ai/products/qodo-merge/,Scraped,site_rescan,,,pending_review
Qodo GenIDE agent for coding and testing,qodo-genide-agent-for-coding-and-testing,pending_review,,,,,,,,,,https://www.qodo.ai/products/qodo-gen/,Scraped,site_rescan,,,pending_review
AI Code Review and the Best AI Code Review Tools in 2025,ai-code-review-and-the-best-ai-code-review-tools-in-2025,pending_review,,,,,,,,,,https://www.qodo.ai/blog/ai-code-review/,Scraped,site_rescan,,,pending_review
See MCP list,see-mcp-list,pending_review,,,,,,,,,,https://www.qodo.ai/mcp-plugins/,Scraped,site_rescan,,,pending_review
mcp_airflow_api-0.4.6.tar.gz,mcp-airflow-api-0-4-6-tar-gz,pending_review,,,,,,,,,,https://files.pythonhosted.org/packages/3e/33/7c038a0c00ca092100a7343eb36ca1ba5662839c502760ec7d45efd4dbe0/mcp_airflow_api-0.4.6.tar.gz,Scraped,site_rescan,,,pending_review
mcp_airflow_api-0.4.6-py3-none-any.whl,mcp-airflow-api-0-4-6-py3-none-any-whl,pending_review,,,,,,,,,,https://files.pythonhosted.org/packages/04/f5/fc7102e0c70440b0f6d3ae38137684fcd65b487c6019234abd062ce0c823/mcp_airflow_api-0.4.6-py3-none-any.whl,Scraped,site_rescan,,,pending_review
pypi-publish.ymlon call518/MCP-Airflow-API,pypi-publish-ymlon-call518-mcp-airflow-api,pending_review,,,,,,,,,,https://github.com/call518/MCP-Airflow-API/blob/HEAD/.github/workflows/pypi-publish.yml,Scraped,site_rescan,,,pending_review
slide-tyler 2.0.5,slide-tyler-2-0-5,pending_review,Minor,‚ùå,,GitHub Releases,,,,,,https://pypi.org/project/slide-tyler/2.0.5/,Press,Auto-Discovery,,,Minor: slide-tyler 2.0.5 (2025-08-15)
opentelemetry-instrumentation-openai-agents 0.45.5,opentelemetry-instrumentation-openai-agents-0-45-5,pending_review,Minor,‚ùå,,GitHub Releases,,,,,,https://pypi.org/project/opentelemetry-instrumentation-openai-agents/0.45.5/,Press,Auto-Discovery,,,Minor: opentelemetry-instrumentation-openai-agents 0.45.5 (2025-08-15)
opentelemetry-instrumentation-mcp 0.45.5,opentelemetry-instrumentation-mcp-0-45-5,pending_review,Minor,‚ùå,,GitHub Releases,,,,,,https://pypi.org/project/opentelemetry-instrumentation-mcp/0.45.5/,Press,Auto-Discovery,,,Minor: opentelemetry-instrumentation-mcp 0.45.5 (2025-08-15)
langsmith-mcp-server 0.0.6,langsmith-mcp-server-0-0-6,pending_review,Minor,‚ùå,,GitHub Releases,,,,,,https://pypi.org/project/langsmith-mcp-server/0.0.6/,Press,Auto-Discovery,,,Minor: langsmith-mcp-server 0.0.6 (2025-08-15)
Try agent mode,try-agent-mode,pending_review,,,,,,,,,,https://code.visualstudio.com/docs/copilot/chat/chat-agent-mode,Scraped,site_rescan,,,pending_review
Discover code review,discover-code-review,pending_review,,,,,,,,,,https://docs.github.com/copilot/using-github-copilot/code-review/using-copilot-code-review,Scraped,site_rescan,,,pending_review
Preview the latest features,preview-the-latest-features,pending_review,,,,,,,,,,https://github.com/features/preview?locale=en-US,Scraped,site_rescan,,,pending_review
IDEJetBrainsDownload now,idejetbrainsdownload-now,pending_review,,,,,,,,,,https://plugins.jetbrains.com/plugin/24267-amazon-q/?b=jb&p=build&s=tiles,Scraped,site_rescan,,,pending_review
IDEVS CodeDownload now,idevs-codedownload-now,pending_review,,,,,,,,,,https://marketplace.visualstudio.com/items?itemName=AmazonWebServices.amazon-q-vscode,Scraped,site_rescan,,,pending_review
IDEVisual StudioDownload now,idevisual-studiodownload-now,pending_review,,,,,,,,,,https://marketplace.visualstudio.com/items?itemName=AmazonWebServices.AWSToolkitforVisualStudio2022,Scraped,site_rescan,,,pending_review
IDEEclipseDownload now,ideeclipsedownload-now,pending_review,,,,,,,,,,https://marketplace.eclipse.org/content/amazon-q?b=e&p=build&s=tiles,Scraped,site_rescan,,,pending_review
Eviden quote,eviden-quote,pending_review,,,,,,,,,,"https://aws.amazon.com/q/customers/#:~:text=Officer%2C%20Virgin%20Pulse-,Amazon%20Q%20Developer%20customers,-Ancileo%20insurance%20software",Scraped,site_rescan,,,pending_review
Announcing Amazon Q Developer transformation web experience (preview)Learn more,announcing-amazon-q-developer-transformation-web-experience-preview-learn-more,pending_review,,,,,,,,,,https://aws.amazon.com/blogs/aws/announcing-amazon-q-developer-transformation-capabilities-for-net-mainframe-and-vmware-workloads-preview,Scraped,site_rescan,,,pending_review
Introducing new Amazon Q Developer agent capabilitiesLearn more,introducing-new-amazon-q-developer-agent-capabilitieslearn-more,pending_review,,,,,,,,,,https://aws.amazon.com/blogs/aws/introducing-amazon-q-developer-in-sagemaker-studio-to-streamline-ml-workflows/,Scraped,site_rescan,,,pending_review
AI√Ç¬†agents,ai-agents,pending_review,,,,,,,,,,https://www.anthropic.com/solutions/agents,Scraped,site_rescan,,,pending_review
EngineeringBuilding effective agents,engineeringbuilding-effective-agents,pending_review,,,,,,,,,,https://www.anthropic.com/engineering/building-effective-agents,Scraped,site_rescan,,,pending_review
AI√Ç¬†agents,ai-agents,pending_review,,,,,,,,,,https://www.anthropic.com/solutions/coding,Scraped,site_rescan,,,pending_review
MCP√Ç¬†Integrations,mcp-integrations,pending_review,,,,,,,,,,https://www.anthropic.com/partners/mcp,Scraped,site_rescan,,,pending_review
ü§ñCodeMate Agent,codemate-agent,pending_review,,,,,,,,,,https://app.codemate.ai/build,Scraped,site_rescan,,,pending_review
"/reviewBugs, issues,& security concerns",reviewbugs-issues-security-concerns,pending_review,,,,,,,,,,https://qodo-merge-docs.qodo.ai/tools/review/,Scraped,site_rescan,,,pending_review
/describeAuto-generatePR guide,describeauto-generatepr-guide,pending_review,,,,,,,,,,https://qodo-merge-docs.qodo.ai/tools/describe/,Scraped,site_rescan,,,pending_review
/analyzeIdentify code changes& untested code,analyzeidentify-code-changes-untested-code,pending_review,,,,,,,,,,https://qodo-merge-docs.qodo.ai/tools/analyze/,Scraped,site_rescan,,,pending_review
"Included with GitLab PremiumChatProcesses and generates text and code in a conversational manner. Helps you quickly identify useful information in large volumes of text in issues, epics, code, and GitLab documentation.Read more",included-with-gitlab-premiumchatprocesses-and-generates-text-and-code-in-a-conversational-manner-helps-you-quickly-identify-useful-information-in-large-volumes-of-text-in-issues-epics-code-and-gitlab-documentation-read-more,pending_review,,,,,,,,,,https://docs.gitlab.com/ee/user/gitlab_duo_chat/,Scraped,site_rescan,,,pending_review
Suggested ReviewersCreate faster and higher-quality reviews by automatically suggesting reviewers for your merge request.Read more,suggested-reviewerscreate-faster-and-higher-quality-reviews-by-automatically-suggesting-reviewers-for-your-merge-request-read-more,pending_review,,,,,,,,,,https://docs.gitlab.com/ee/user/gitlab_duo/#code-explanation,Scraped,site_rescan,,,pending_review
VideoMeet GitLab DuoWatch now,videomeet-gitlab-duowatch-now,pending_review,,,,,,,,,,https://player.vimeo.com/video/855805049?title=0&byline=0&portrait=0&badge=0&autopause=0&player_id=0&app_id=58479/,Scraped,site_rescan,,,pending_review
VideoCode SuggestionsWatch now,videocode-suggestionswatch-now,pending_review,,,,,,,,,,https://player.vimeo.com/video/894621401?badge=0&amp;autopause=0&amp;player_id=0&amp;app_id=58479/,Scraped,site_rescan,,,pending_review
VideoChatWatch now,videochatwatch-now,pending_review,,,,,,,,,,https://player.vimeo.com/video/927753737?badge=0&autopause=0&player_id=0&app_id=58479/,Scraped,site_rescan,,,pending_review
VideoCode Review SummaryWatch now,videocode-review-summarywatch-now,pending_review,,,,,,,,,,https://player.vimeo.com/video/929891003?badge=0&autopause=0&player_id=0&app_id=58479/,Scraped,site_rescan,,,pending_review
VideoDiscussion SummaryWatch now,videodiscussion-summarywatch-now,pending_review,,,,,,,,,,https://player.vimeo.com/video/928501915?badge=0&autopause=0&player_id=0&app_id=58479/,Scraped,site_rescan,,,pending_review
VideoVulnerability ExplanationWatch now,videovulnerability-explanationwatch-now,pending_review,,,,,,,,,,https://player.vimeo.com/video/930066123?badge=0&autopause=0&player_id=0&app_id=58479/,Scraped,site_rescan,,,pending_review
VideoCode ExplanationWatch now,videocode-explanationwatch-now,pending_review,,,,,,,,,,https://player.vimeo.com/video/930066090?badge=0&autopause=0&player_id=0&app_id=58479/,Scraped,site_rescan,,,pending_review
VideoSuggested ReviewersWatch now,videosuggested-reviewerswatch-now,pending_review,,,,,,,,,,https://player.vimeo.com/video/930066108?badge=0&autopause=0&player_id=0&app_id=58479/,Scraped,site_rescan,,,pending_review
"DesignAvoid Wildcard ImportsWildcard imports make it difficult to track which symbols are actually being used, can lead to naming conflicts, and hide the true dependencies of the module. This reduces code maintainability and can create subtle bugs.ServiceNow/AgentLab",designavoid-wildcard-importswildcard-imports-make-it-difficult-to-track-which-symbols-are-actually-being-used-can-lead-to-naming-conflicts-and-hide-the-true-dependencies-of-the-module-this-reduces-code-maintainability-and-can-create-subtle-bugs-servicenow-agentlab,pending_review,,,,,,,,,,https://github.com/ServiceNow/AgentLab/pull/256#discussion_r2172718426,Scraped,site_rescan,,,pending_review
"SecurityMissing API Authentication ValidationIf API credentials are not properly configured and validated, API calls could fail or worse, use hardcoded/insecure credentials from elsewhere in the codebase.ServiceNow/AgentLab",securitymissing-api-authentication-validationif-api-credentials-are-not-properly-configured-and-validated-api-calls-could-fail-or-worse-use-hardcoded-insecure-credentials-from-elsewhere-in-the-codebase-servicenow-agentlab,pending_review,,,,,,,,,,https://github.com/ServiceNow/AgentLab/pull/258#discussion_r2185783271,Scraped,site_rescan,,,pending_review
"FunctionalityEmpty OSWorld PreprocessorWithout proper preprocessing, the agent may receive raw observations that are not optimally formatted for OSWorld tasks, potentially leading to degraded performance or incorrect behavior in the OSWorld environment.ServiceNow/AgentLab",functionalityempty-osworld-preprocessorwithout-proper-preprocessing-the-agent-may-receive-raw-observations-that-are-not-optimally-formatted-for-osworld-tasks-potentially-leading-to-degraded-performance-or-incorrect-behavior-in-the-osworld-environment-servicenow-agentlab,pending_review,,,,,,,,,,https://github.com/ServiceNow/AgentLab/pull/255#discussion_r2198283260,Scraped,site_rescan,,,pending_review
"FunctionalityShallow Merge of Configuration ObjectsIf extra_form_data contains nested objects, they will completely override the corresponding objects in originalFormData instead of being deeply merged. This can lead to loss of configuration data.apache/superset",functionalityshallow-merge-of-configuration-objectsif-extra-form-data-contains-nested-objects-they-will-completely-override-the-corresponding-objects-in-originalformdata-instead-of-being-deeply-merged-this-can-lead-to-loss-of-configuration-data-apache-superset,pending_review,,,,,,,,,,https://github.com/apache/superset/pull/34014#discussion_r2177855258,Scraped,site_rescan,,,pending_review
Model Context Protocol (MCP),model-context-protocol-mcp,pending_review,,,,,,,,,,https://modelcontextprotocol.io/introduction,Scraped,site_rescan,,,pending_review
slide_tyler-2.0.5.tar.gz,slide-tyler-2-0-5-tar-gz,pending_review,,,,,,,,,,https://files.pythonhosted.org/packages/62/95/1808994301823e7b9fa0a05c0e07452ab6188c4e04407c2013955578974c/slide_tyler-2.0.5.tar.gz,Scraped,site_rescan,,,pending_review
slide_tyler-2.0.5-py3-none-any.whl,slide-tyler-2-0-5-py3-none-any-whl,pending_review,,,,,,,,,,https://files.pythonhosted.org/packages/e4/31/9d4b9ddf9a7e4eb89f902e97ff9e5c6359aa1551fabc74323629246950b1/slide_tyler-2.0.5-py3-none-any.whl,Scraped,site_rescan,,,pending_review
User guide,user-guide,pending_review,,,,,,,,,,https://packaging.python.org/,Scraped,site_rescan,,,pending_review
zhangyuepeng-mcp-weather-server 0.1.0,zhangyuepeng-mcp-weather-server-0-1-0,pending_review,Minor,‚ùå,,GitHub Releases,,,,,,https://pypi.org/project/zhangyuepeng-mcp-weather-server/0.1.0/,Press,Auto-Discovery,,,Minor: zhangyuepeng-mcp-weather-server 0.1.0 (2025-08-16)
cnhkmcp 1.3.6,cnhkmcp-1-3-6,pending_review,Minor,‚ùå,,GitHub Releases,,,,,,https://pypi.org/project/cnhkmcp/1.3.6/,Press,Auto-Discovery,,,Minor: cnhkmcp 1.3.6 (2025-08-16)
cnhkmcp 1.3.5,cnhkmcp-1-3-5,pending_review,Minor,‚ùå,,GitHub Releases,,,,,,https://pypi.org/project/cnhkmcp/1.3.5/,Press,Auto-Discovery,,,Minor: cnhkmcp 1.3.5 (2025-08-16)
hefeng-weather-mcp 0.2.1,hefeng-weather-mcp-0-2-1,pending_review,Minor,‚ùå,,GitHub Releases,,,,,,https://pypi.org/project/hefeng-weather-mcp/0.2.1/,Press,Auto-Discovery,,,Minor: hefeng-weather-mcp 0.2.1 (2025-08-16)
mcp python sdk,mcp-python-sdk,pending_review,,,,,,,,,,https://github.com/modelcontextprotocol/python-sdk,Scraped,site_rescan,,,pending_review
opentelemetry_instrumentation_mcp-0.45.5.tar.gz,opentelemetry-instrumentation-mcp-0-45-5-tar-gz,pending_review,,,,,,,,,,https://files.pythonhosted.org/packages/65/10/ce411d7ff0fdc1ca0684915e0377dceba6bbe516661aa311bec43f888c13/opentelemetry_instrumentation_mcp-0.45.5.tar.gz,Scraped,site_rescan,,,pending_review
opentelemetry_instrumentation_mcp-0.45.5-py3-none-any.whl,opentelemetry-instrumentation-mcp-0-45-5-py3-none-any-whl,pending_review,,,,,,,,,,https://files.pythonhosted.org/packages/b2/f5/1f815d0085d72312216dcc3b06417ff8713b218c682e7e761f5877f747d7/opentelemetry_instrumentation_mcp-0.45.5-py3-none-any.whl,Scraped,site_rescan,,,pending_review
langsmith_mcp_server-0.0.6.tar.gz,langsmith-mcp-server-0-0-6-tar-gz,pending_review,,,,,,,,,,https://files.pythonhosted.org/packages/f2/5a/57891619e4706b0009ab51bd230e4bb8b0d53238acc6fa8900eb1da218aa/langsmith_mcp_server-0.0.6.tar.gz,Scraped,site_rescan,,,pending_review
langsmith_mcp_server-0.0.6-py3-none-any.whl,langsmith-mcp-server-0-0-6-py3-none-any-whl,pending_review,,,,,,,,,,https://files.pythonhosted.org/packages/8b/42/b2ab9d652111989a14bdddbfb5a170b7245ed1bc3263f4b4a27fa5f587ac/langsmith_mcp_server-0.0.6-py3-none-any.whl,Scraped,site_rescan,,,pending_review
aiagents4pharma-ansh 1.43.0,aiagents4pharma-ansh-1-43-0,pending_review,Minor,‚ùå,,GitHub Releases,,,,,,https://pypi.org/project/aiagents4pharma-ansh/1.43.0/,Press,Auto-Discovery,,,Minor: aiagents4pharma-ansh 1.43.0 (2025-08-17)
wink-sdk-travel-agent 0.0.40,wink-sdk-travel-agent-0-0-40,pending_review,Minor,‚ùå,,GitHub Releases,,,,,,https://pypi.org/project/wink-sdk-travel-agent/0.0.40/,Press,Auto-Discovery,,,Minor: wink-sdk-travel-agent 0.0.40 (2025-08-17)
OpenAI Agents framework,openai-agents-framework,pending_review,,,,,,,,,,https://github.com/openai/openai-agents-python,Scraped,site_rescan,,,pending_review
opentelemetry_instrumentation_openai_agents-0.45.5.tar.gz,opentelemetry-instrumentation-openai-agents-0-45-5-tar-gz,pending_review,,,,,,,,,,https://files.pythonhosted.org/packages/06/53/27d3539fab9c6965f45a4e0366a9df76bd1327e8379e07b616c5dbbcc47f/opentelemetry_instrumentation_openai_agents-0.45.5.tar.gz,Scraped,site_rescan,,,pending_review
opentelemetry_instrumentation_openai_agents-0.45.5-py3-none-any.whl,opentelemetry-instrumentation-openai-agents-0-45-5-py3-none-any-whl,pending_review,,,,,,,,,,https://files.pythonhosted.org/packages/84/45/f289acc6abef8db2d13d68f197e70b78403142530ec2f8a4c27697cfc69e/opentelemetry_instrumentation_openai_agents-0.45.5-py3-none-any.whl,Scraped,site_rescan,,,pending_review
zhangyuepeng_mcp_weather_server-0.1.0.tar.gz,zhangyuepeng-mcp-weather-server-0-1-0-tar-gz,pending_review,,,,,,,,,,https://files.pythonhosted.org/packages/b6/03/5a139aeb0057adb06b1ed8173b249e369de6207897116bcc0dceeac59624/zhangyuepeng_mcp_weather_server-0.1.0.tar.gz,Scraped,site_rescan,,,pending_review
zhangyuepeng_mcp_weather_server-0.1.0-py3-none-any.whl,zhangyuepeng-mcp-weather-server-0-1-0-py3-none-any-whl,pending_review,,,,,,,,,,https://files.pythonhosted.org/packages/e3/9d/9a1dccf5e9f0667d30ba973d679353760cef04fe7dc842b95a0283a109f2/zhangyuepeng_mcp_weather_server-0.1.0-py3-none-any.whl,Scraped,site_rescan,,,pending_review
cnhkmcp-1.3.6.tar.gz,cnhkmcp-1-3-6-tar-gz,pending_review,,,,,,,,,,https://files.pythonhosted.org/packages/53/50/26c5dbd73909ba3c5baece625698c2168238367b6392c0c4959e7a6b9584/cnhkmcp-1.3.6.tar.gz,Scraped,site_rescan,,,pending_review
cnhkmcp-1.3.6-py3-none-any.whl,cnhkmcp-1-3-6-py3-none-any-whl,pending_review,,,,,,,,,,https://files.pythonhosted.org/packages/49/ab/93d6b4ba660d06ad3401148f67ea6e0c58fe4d6ec3416570cf5b985da143/cnhkmcp-1.3.6-py3-none-any.whl,Scraped,site_rescan,,,pending_review
cnhkmcp-1.3.5.tar.gz,cnhkmcp-1-3-5-tar-gz,pending_review,,,,,,,,,,https://files.pythonhosted.org/packages/fc/15/bf9f40b41e89ddf527f523ecfed4879a14c337e6888085c3de4c481de662/cnhkmcp-1.3.5.tar.gz,Scraped,site_rescan,,,pending_review
cnhkmcp-1.3.5-py3-none-any.whl,cnhkmcp-1-3-5-py3-none-any-whl,pending_review,,,,,,,,,,https://files.pythonhosted.org/packages/b0/ef/88b37a7f44480da6f1928ff4d46af90d6478845d70e1e7dc33dcdf0c9c21/cnhkmcp-1.3.5-py3-none-any.whl,Scraped,site_rescan,,,pending_review
hefeng_weather_mcp-0.2.1.tar.gz,hefeng-weather-mcp-0-2-1-tar-gz,pending_review,,,,,,,,,,https://files.pythonhosted.org/packages/b1/6e/736044733997778f83ef8f8d42624df1065686702845125ecdc71f018b9f/hefeng_weather_mcp-0.2.1.tar.gz,Scraped,site_rescan,,,pending_review
hefeng_weather_mcp-0.2.1-py3-none-any.whl,hefeng-weather-mcp-0-2-1-py3-none-any-whl,pending_review,,,,,,,,,,https://files.pythonhosted.org/packages/61/b6/746d27f6c1056771f7ba9745c7eb959e6b0821fd48682a18423dc5537bc0/hefeng_weather_mcp-0.2.1-py3-none-any.whl,Scraped,site_rescan,,,pending_review
streamlit-canvas-editor 0.1.0,streamlit-canvas-editor-0-1-0,pending_review,Minor,‚ùå,,GitHub Releases,,,,,,https://pypi.org/project/streamlit-canvas-editor/0.1.0/,Press,Auto-Discovery,,,Minor: streamlit-canvas-editor 0.1.0 (2025-08-18)
fid-mcp 0.1.2,fid-mcp-0-1-2,pending_review,Minor,‚ùå,,GitHub Releases,,,,,,https://pypi.org/project/fid-mcp/0.1.2/,Press,Auto-Discovery,,,Minor: fid-mcp 0.1.2 (2025-08-18)
mcp-scan 0.3.4,mcp-scan-0-3-4,pending_review,Minor,‚ùå,,GitHub Releases,,,,,,https://pypi.org/project/mcp-scan/0.3.4/,Press,Auto-Discovery,,,Minor: mcp-scan 0.3.4 (2025-08-18)
wink_sdk_travel_agent-0.0.40.tar.gz,wink-sdk-travel-agent-0-0-40-tar-gz,pending_review,,,,,,,,,,https://files.pythonhosted.org/packages/5f/fe/6e17a42e8a4c0009cdc2cd139e89d63d3b7fa9a19236980e97685384ca57/wink_sdk_travel_agent-0.0.40.tar.gz,Scraped,site_rescan,,,pending_review
wink_sdk_travel_agent-0.0.40-py3-none-any.whl,wink-sdk-travel-agent-0-0-40-py3-none-any-whl,pending_review,,,,,,,,,,https://files.pythonhosted.org/packages/e3/ff/e69c7defb2f2d2a37a0d22d660936129b8f070ccb20a952a519a7c7c7204/wink_sdk_travel_agent-0.0.40-py3-none-any.whl,Scraped,site_rescan,,,pending_review
MCP rug pull attacks,mcp-rug-pull-attacks,pending_review,,,,,,,,,,https://invariantlabs.ai/blog/mcp-security-notification-tool-poisoning-attacks,Scraped,site_rescan,,,pending_review
Introducing MCP-Scan,introducing-mcp-scan,pending_review,,,,,,,,,,https://invariantlabs.ai/blog/introducing-mcp-scan,Scraped,site_rescan,,,pending_review
WhatsApp MCP Exploited,whatsapp-mcp-exploited,pending_review,,,,,,,,,,https://invariantlabs.ai/blog/whatsapp-mcp-exploited,Scraped,site_rescan,,,pending_review
MCP Prompt Injection,mcp-prompt-injection,pending_review,,,,,,,,,,https://simonwillison.net/2025/Apr/9/mcp-prompt-injection/,Scraped,site_rescan,,,pending_review
mcp_scan-0.3.4.tar.gz,mcp-scan-0-3-4-tar-gz,pending_review,,,,,,,,,,https://files.pythonhosted.org/packages/d6/dc/9a479e8719c7cb26df3459b159f7821bd9539960eb0a29e47bb16daa5003/mcp_scan-0.3.4.tar.gz,Scraped,site_rescan,,,pending_review
mcp_scan-0.3.4-py3-none-any.whl,mcp-scan-0-3-4-py3-none-any-whl,pending_review,,,,,,,,,,https://files.pythonhosted.org/packages/be/a6/fc4f307d3fa48f8355fab0bba0533bf8079bafd05f1d2975972b5d0a0cc6/mcp_scan-0.3.4-py3-none-any.whl,Scraped,site_rescan,,,pending_review
kei-agent-py-sdk 0.1.0b5,kei-agent-py-sdk-0-1-0b5,pending_review,Minor,‚ùå,,GitHub Releases,,,,,,https://pypi.org/project/kei-agent-py-sdk/0.1.0b5/,Press,Auto-Discovery,,,Minor: kei-agent-py-sdk 0.1.0b5 (2025-08-19)
utcp-mcp 1.0.0,utcp-mcp-1-0-0,pending_review,Minor,‚ùå,,GitHub Releases,,,,,,https://pypi.org/project/utcp-mcp/1.0.0/,Press,Auto-Discovery,,,Minor: utcp-mcp 1.0.0 (2025-08-19)
pure-mcp 0.1.2,pure-mcp-0-1-2,pending_review,Minor,‚ùå,,GitHub Releases,,,,,,https://pypi.org/project/pure-mcp/0.1.2/,Press,Auto-Discovery,,,Minor: pure-mcp 0.1.2 (2025-08-19)
wmagentdev 2.4.3,wmagentdev-2-4-3,pending_review,Minor,‚ùå,,GitHub Releases,,,,,,https://pypi.org/project/wmagentdev/2.4.3/,Press,Auto-Discovery,,,Minor: wmagentdev 2.4.3 (2025-08-19)
axiomatic-mcp 0.0.1,axiomatic-mcp-0-0-1,pending_review,Minor,‚ùå,,GitHub Releases,,,,,,https://pypi.org/project/axiomatic-mcp/0.0.1/,Press,Auto-Discovery,,,Minor: axiomatic-mcp 0.0.1 (2025-08-19)
wmagent 2.4.3,wmagent-2-4-3,pending_review,Minor,‚ùå,,GitHub Releases,,,,,,https://pypi.org/project/wmagent/2.4.3/,Press,Auto-Discovery,,,Minor: wmagent 2.4.3 (2025-08-19)
streamlit_canvas_editor-0.1.0.tar.gz,streamlit-canvas-editor-0-1-0-tar-gz,pending_review,,,,,,,,,,https://files.pythonhosted.org/packages/2c/b9/05e976f9068b23bc6597266c567fc64167c8da51848e64fd7691896efb92/streamlit_canvas_editor-0.1.0.tar.gz,Scraped,site_rescan,,,pending_review
streamlit_canvas_editor-0.1.0-py3-none-any.whl,streamlit-canvas-editor-0-1-0-py3-none-any-whl,pending_review,,,,,,,,,,https://files.pythonhosted.org/packages/ae/2e/907b1df23966776f6b8f15edfa405229370a28532a97b0d5abb07b412794/streamlit_canvas_editor-0.1.0-py3-none-any.whl,Scraped,site_rescan,,,pending_review
fid_mcp-0.1.2-py3-none-any.whl,fid-mcp-0-1-2-py3-none-any-whl,pending_review,,,,,,,,,,https://files.pythonhosted.org/packages/19/9f/5d1c3072369f90f903ebcd3cae9415111298304e3bbd7df79290382c3e8d/fid_mcp-0.1.2-py3-none-any.whl,Scraped,site_rescan,,,pending_review
mcp-composer 0.1.0.3,mcp-composer-0-1-0-3,pending_review,Minor,‚ùå,,GitHub Releases,,,,,,https://pypi.org/project/mcp-composer/0.1.0.3/,Press,Auto-Discovery,,,Minor: mcp-composer 0.1.0.3 (2025-08-20)
agentics-py 0.0.2,agentics-py-0-0-2,pending_review,Minor,‚ùå,,GitHub Releases,,,,,,https://pypi.org/project/agentics-py/0.0.2/,Press,Auto-Discovery,,,Minor: agentics-py 0.0.2 (2025-08-20)
agemcp 0.2.0,agemcp-0-2-0,pending_review,Minor,‚ùå,,GitHub Releases,,,,,,https://pypi.org/project/agemcp/0.2.0/,Press,Auto-Discovery,,,Minor: agemcp 0.2.0 (2025-08-20)
oscharko-dev/kei-agent-py-sdk,oscharko-dev-kei-agent-py-sdk,pending_review,,,,,,,,,,https://github.com/oscharko-dev/kei-agent-py-sdk,Scraped,site_rescan,,,pending_review
kei-agent-py-sdk,kei-agent-py-sdk,pending_review,,,,,,,,,,https://test.pypi.org/project/kei-agent-py-sdk/,Scraped,site_rescan,,,pending_review
Quick Start Guide,quick-start-guide,pending_review,,,,,,,,,,https://oscharko-dev.github.io/kei-agent-py-sdk/getting-started/quickstart/,Scraped,site_rescan,,,pending_review
kei_agent_py_sdk-0.1.0b5.tar.gz,kei-agent-py-sdk-0-1-0b5-tar-gz,pending_review,,,,,,,,,,https://files.pythonhosted.org/packages/e6/9b/f71e301bde1a725089ab9db982a5ce159d647bcea734da45b95a11c7d610/kei_agent_py_sdk-0.1.0b5.tar.gz,Scraped,site_rescan,,,pending_review
kei_agent_py_sdk-0.1.0b5-py3-none-any.whl,kei-agent-py-sdk-0-1-0b5-py3-none-any-whl,pending_review,,,,,,,,,,https://files.pythonhosted.org/packages/bf/94/b34c4e6abc19ad0a18414aff0ad6abd6c8e8900a43f76dccf52491636e82/kei_agent_py_sdk-0.1.0b5-py3-none-any.whl,Scraped,site_rescan,,,pending_review
utcp_mcp-1.0.0.tar.gz,utcp-mcp-1-0-0-tar-gz,pending_review,,,,,,,,,,https://files.pythonhosted.org/packages/ab/81/a5c41e73287fcc8b8fdeb584db53e369ac81fb04656908d4ebe841247fd5/utcp_mcp-1.0.0.tar.gz,Scraped,site_rescan,,,pending_review
utcp_mcp-1.0.0-py3-none-any.whl,utcp-mcp-1-0-0-py3-none-any-whl,pending_review,,,,,,,,,,https://files.pythonhosted.org/packages/63/2c/7c51591762367426dd18b78d9593554d727e4b30cac33f31f53967796578/utcp_mcp-1.0.0-py3-none-any.whl,Scraped,site_rescan,,,pending_review
pure_mcp-0.1.2.tar.gz,pure-mcp-0-1-2-tar-gz,pending_review,,,,,,,,,,https://files.pythonhosted.org/packages/fe/0b/0ea003ec2001862a79c5af870a87a6ca149ec230a119046881f2d8892396/pure_mcp-0.1.2.tar.gz,Scraped,site_rescan,,,pending_review
pure_mcp-0.1.2-py3-none-any.whl,pure-mcp-0-1-2-py3-none-any-whl,pending_review,,,,,,,,,,https://files.pythonhosted.org/packages/15/71/667c265fc39f8df461eba624fcffdfb94b6adfc401424b0e7d0cba275082/pure_mcp-0.1.2-py3-none-any.whl,Scraped,site_rescan,,,pending_review
wmagentdev-2.4.3.tar.gz,wmagentdev-2-4-3-tar-gz,pending_review,,,,,,,,,,https://files.pythonhosted.org/packages/46/6d/3d2582fe9f04dd133ae2550e6acda79f39583ddd6dfb99691cdcac11be12/wmagentdev-2.4.3.tar.gz,Scraped,site_rescan,,,pending_review
wmagentdev-2.4.3-py3-none-any.whl,wmagentdev-2-4-3-py3-none-any-whl,pending_review,,,,,,,,,,https://files.pythonhosted.org/packages/f3/a5/68fe07ded074f743af41e904dfd6283ed25d53639afa66b58ee058569b56/wmagentdev-2.4.3-py3-none-any.whl,Scraped,site_rescan,,,pending_review
https://pypi.org/project/axiomatic-mcp/,https-pypi-org-project-axiomatic-mcp,pending_review,,,,,,,,,,https://pypi.org/project/axiomatic-mcp/,Scraped,site_rescan,,,pending_review
axiomatic_mcp-0.0.1.tar.gz,axiomatic-mcp-0-0-1-tar-gz,pending_review,,,,,,,,,,https://files.pythonhosted.org/packages/d9/af/6df424f255ce5c438a4add35509e447da70985f0ad2ea161d9c6899903a8/axiomatic_mcp-0.0.1.tar.gz,Scraped,site_rescan,,,pending_review
axiomatic_mcp-0.0.1-py3-none-any.whl,axiomatic-mcp-0-0-1-py3-none-any-whl,pending_review,,,,,,,,,,https://files.pythonhosted.org/packages/ee/36/801998399fb130b98795fee94f88c8645086ffbf5dbe25f84fec3f3b274c/axiomatic_mcp-0.0.1-py3-none-any.whl,Scraped,site_rescan,,,pending_review
release.ymlon Axiomatic-AI/ax-mcp,release-ymlon-axiomatic-ai-ax-mcp,pending_review,,,,,,,,,,https://github.com/Axiomatic-AI/ax-mcp/blob/HEAD/.github/workflows/release.yml,Scraped,site_rescan,,,pending_review
Axiomatic-AI/ax-mcp@51656acaf8aba0b26e5f76e5d19d8f16bbd0255e,axiomatic-ai-ax-mcp-51656acaf8aba0b26e5f76e5d19d8f16bbd0255e,pending_review,,,,,,,,,,https://github.com/Axiomatic-AI/ax-mcp/tree/51656acaf8aba0b26e5f76e5d19d8f16bbd0255e,Scraped,site_rescan,,,pending_review
wmagent-2.4.3.tar.gz,wmagent-2-4-3-tar-gz,pending_review,,,,,,,,,,https://files.pythonhosted.org/packages/b9/40/f81ccf45b4f39305dbf2d47960e4b74e8de009776023a160620084a413b1/wmagent-2.4.3.tar.gz,Scraped,site_rescan,,,pending_review
wmagent-2.4.3-py3-none-any.whl,wmagent-2-4-3-py3-none-any-whl,pending_review,,,,,,,,,,https://files.pythonhosted.org/packages/23/02/feebd0c23003b10a9f599cc3dd53cd3527f9247e2abaa7a65ea3056af186/wmagent-2.4.3-py3-none-any.whl,Scraped,site_rescan,,,pending_review
django-prose-editor 0.17a6,django-prose-editor-0-17a6,pending_review,Minor,‚ùå,,GitHub Releases,,,,,,https://pypi.org/project/django-prose-editor/0.17a6/,Press,Auto-Discovery,,,Minor: django-prose-editor 0.17a6 (2025-08-21)
dbt-mcp-lightdash 0.14.0,dbt-mcp-lightdash-0-14-0,pending_review,Minor,‚ùå,,GitHub Releases,,,,,,https://pypi.org/project/dbt-mcp-lightdash/0.14.0/,Press,Auto-Discovery,,,Minor: dbt-mcp-lightdash 0.14.0 (2025-08-21)
bir_mcp 0.3.13,bir-mcp-0-3-13,pending_review,Minor,‚ùå,,GitHub Releases,,,,,,https://pypi.org/project/bir-mcp/0.3.13/,Press,Auto-Discovery,,,Minor: bir_mcp 0.3.13 (2025-08-21)
academia-mcp 1.2.1,academia-mcp-1-2-1,pending_review,Minor,‚ùå,,GitHub Releases,,,,,,https://pypi.org/project/academia-mcp/1.2.1/,Press,Auto-Discovery,,,Minor: academia-mcp 1.2.1 (2025-08-21)
mcp-framework 0.1.1,mcp-framework-0-1-1,pending_review,Minor,‚ùå,,GitHub Releases,,,,,,https://pypi.org/project/mcp-framework/0.1.1/,Press,Auto-Discovery,,,Minor: mcp-framework 0.1.1 (2025-08-21)
mcp_composer-0.1.0.3-py3-none-any.whl,mcp-composer-0-1-0-3-py3-none-any-whl,pending_review,,,,,,,,,,https://files.pythonhosted.org/packages/5c/8c/2e17179b40de924dc0098680a825a0038ba7df9ff4f3728feda27a0a9f87/mcp_composer-0.1.0.3-py3-none-any.whl,Scraped,site_rescan,,,pending_review
agentics_py-0.0.2.tar.gz,agentics-py-0-0-2-tar-gz,pending_review,,,,,,,,,,https://files.pythonhosted.org/packages/56/fa/524394943b68a01cd024cbdf95ad6d1f1ef539cd6ef2e38b7268d1a6b8b7/agentics_py-0.0.2.tar.gz,Scraped,site_rescan,,,pending_review
agentics_py-0.0.2-py3-none-any.whl,agentics-py-0-0-2-py3-none-any-whl,pending_review,,,,,,,,,,https://files.pythonhosted.org/packages/2a/29/7324cd912ebc2ce40117216b1bbf4c33833af6766ed36c50b35a4a496b86/agentics_py-0.0.2-py3-none-any.whl,Scraped,site_rescan,,,pending_review
mcp_framework-0.1.1.tar.gz,mcp-framework-0-1-1-tar-gz,pending_review,,,,,,,,,,https://files.pythonhosted.org/packages/de/45/32550e29b79c6006952fbeea2ffde3cb8dec724b6cd60b54a1537540c27d/mcp_framework-0.1.1.tar.gz,Scraped,site_rescan,,,pending_review
mcp_framework-0.1.1-py3-none-any.whl,mcp-framework-0-1-1-py3-none-any-whl,pending_review,,,,,,,,,,https://files.pythonhosted.org/packages/55/85/d64620d4c725ad7e98681629acbdc43f8a2aea4fba67daf9d17ab4eabfc6/mcp_framework-0.1.1-py3-none-any.whl,Scraped,site_rescan,,,pending_review
kolena-agents 0.3.6,kolena-agents-0-3-6,pending_review,Minor,‚ùå,,GitHub Releases,,,,,,https://pypi.org/project/kolena-agents/0.3.6/,Press,Auto-Discovery,,,pending_review
django_prose_editor-0.17a6.tar.gz,django-prose-editor-0-17a6-tar-gz,pending_review,,,,,,,,,,https://files.pythonhosted.org/packages/e4/67/ae93f58d4779444d41a013fff649ffdee5d7bfa922cdc91b0197d441931f/django_prose_editor-0.17a6.tar.gz,Scraped,site_rescan,,,pending_review
django_prose_editor-0.17a6-py3-none-any.whl,django-prose-editor-0-17a6-py3-none-any-whl,pending_review,,,,,,,,,,https://files.pythonhosted.org/packages/8d/9b/808a7a33b3d11e9ca34aca1965641392478695247817baef02595cf2516e/django_prose_editor-0.17a6-py3-none-any.whl,Scraped,site_rescan,,,pending_review
dbt_mcp_lightdash-0.14.0.tar.gz,dbt-mcp-lightdash-0-14-0-tar-gz,pending_review,,,,,,,,,,https://files.pythonhosted.org/packages/71/e6/e23f63df38fdf554e9d611a9812200c545fc2bcaf6719a52fbc5f4006468/dbt_mcp_lightdash-0.14.0.tar.gz,Scraped,site_rescan,,,pending_review
dbt_mcp_lightdash-0.14.0-py3-none-any.whl,dbt-mcp-lightdash-0-14-0-py3-none-any-whl,pending_review,,,,,,,,,,https://files.pythonhosted.org/packages/8b/1f/15b96b1966c5f1657d412563f337772d8b2fdf8c93746da9406bcb087a1f/dbt_mcp_lightdash-0.14.0-py3-none-any.whl,Scraped,site_rescan,,,pending_review
bir_mcp-0.3.13.tar.gz,bir-mcp-0-3-13-tar-gz,pending_review,,,,,,,,,,https://files.pythonhosted.org/packages/ac/13/d0c8355af1fa49099edff8b753c4ecdb12df33f71ce502940e360cc67349/bir_mcp-0.3.13.tar.gz,Scraped,site_rescan,,,pending_review
bir_mcp-0.3.13-py3-none-any.whl,bir-mcp-0-3-13-py3-none-any-whl,pending_review,,,,,,,,,,https://files.pythonhosted.org/packages/d8/fd/391b90a3cf2d61b70bf1784d2665cf520a3ee498f50981f619f2a50d02b7/bir_mcp-0.3.13-py3-none-any.whl,Scraped,site_rescan,,,pending_review
academia_mcp-1.2.1.tar.gz,academia-mcp-1-2-1-tar-gz,pending_review,,,,,,,,,,https://files.pythonhosted.org/packages/e0/14/b755349eba543b15b38475d338070ff36518236245aec791f5d63d7f3507/academia_mcp-1.2.1.tar.gz,Scraped,site_rescan,,,pending_review
academia_mcp-1.2.1-py3-none-any.whl,academia-mcp-1-2-1-py3-none-any-whl,pending_review,,,,,,,,,,https://files.pythonhosted.org/packages/5a/f8/8b9dceef5baea92d95d77ec97ff501992d18080488e0af311e56486c399b/academia_mcp-1.2.1-py3-none-any.whl,Scraped,site_rescan,,,pending_review
mcp-universal-database-server 0.1.2,mcp-universal-database-server-0-1-2,pending_review,Minor,‚ùå,,GitHub Releases,,,,,,https://pypi.org/project/mcp-universal-database-server/0.1.2/,Press,Auto-Discovery,,,pending_review
mcp-bigquery 0.4.0,mcp-bigquery-0-4-0,pending_review,Minor,‚ùå,,GitHub Releases,,,,,,https://pypi.org/project/mcp-bigquery/0.4.0/,Press,Auto-Discovery,,,pending_review
mcp-universal-database-server 0.1.1,mcp-universal-database-server-0-1-1,pending_review,Minor,‚ùå,,GitHub Releases,,,,,,https://pypi.org/project/mcp-universal-database-server/0.1.1/,Press,Auto-Discovery,,,pending_review
ddapm-test-agent 1.32.0,ddapm-test-agent-1-32-0,pending_review,Minor,‚ùå,,GitHub Releases,,,,,,https://pypi.org/project/ddapm-test-agent/1.32.0/,Press,Auto-Discovery,,,pending_review
mcp-universal-database-server 0.1.0,mcp-universal-database-server-0-1-0,pending_review,Minor,‚ùå,,GitHub Releases,,,,,,https://pypi.org/project/mcp-universal-database-server/0.1.0/,Press,Auto-Discovery,,,pending_review
cyclonedx-editor-validator 0.28.0,cyclonedx-editor-validator-0-28-0,pending_review,Minor,‚ùå,,GitHub Releases,,,,,,https://pypi.org/project/cyclonedx-editor-validator/0.28.0/,Press,Auto-Discovery,,,pending_review
CodeVideoRenderer 1.0.1.2,codevideorenderer-1-0-1-2,pending_review,Minor,‚ùå,,GitHub Releases,,,,,,https://pypi.org/project/codevideorenderer/1.0.1.2/,Press,Auto-Discovery,,,pending_review
aider-code 0.1.1.post25,aider-code-0-1-1-post25,pending_review,Minor,‚ùå,,GitHub Releases,,,,,,https://pypi.org/project/aider-code/0.1.1.post25/,Press,Auto-Discovery,,,pending_review
mcp-sqlserver-filesystem 0.1.4,mcp-sqlserver-filesystem-0-1-4,pending_review,Minor,‚ùå,,GitHub Releases,,,,,,https://pypi.org/project/mcp-sqlserver-filesystem/0.1.4/,Press,Auto-Discovery,,,pending_review
mcp-server-public-transport 0.1.2,mcp-server-public-transport-0-1-2,pending_review,Minor,‚ùå,,GitHub Releases,,,,,,https://pypi.org/project/mcp-server-public-transport/0.1.2/,Press,Auto-Discovery,,,pending_review
task-agents-mcp 4.0.0,task-agents-mcp-4-0-0,pending_review,Minor,‚ùå,,GitHub Releases,,,,,,https://pypi.org/project/task-agents-mcp/4.0.0/,Press,Auto-Discovery,,,pending_review
aider-code 0.1.1.post24,aider-code-0-1-1-post24,pending_review,Minor,‚ùå,,GitHub Releases,,,,,,https://pypi.org/project/aider-code/0.1.1.post24/,Press,Auto-Discovery,,,pending_review
codex-mcp-agent 0.1.0,codex-mcp-agent-0-1-0,pending_review,Minor,‚ùå,,GitHub Releases,,,,,,https://pypi.org/project/codex-mcp-agent/0.1.0/,Press,Auto-Discovery,,,pending_review
ml-agents-reasoning 0.0.12a0,ml-agents-reasoning-0-0-12a0,pending_review,Minor,‚ùå,,GitHub Releases,,,,,,https://pypi.org/project/ml-agents-reasoning/0.0.12a0/,Press,Auto-Discovery,,,pending_review
aider-code 0.1.1.post23,aider-code-0-1-1-post23,pending_review,Minor,‚ùå,,GitHub Releases,,,,,,https://pypi.org/project/aider-code/0.1.1.post23/,Press,Auto-Discovery,,,pending_review
mcp-sqlserver-filesystem 0.1.2,mcp-sqlserver-filesystem-0-1-2,pending_review,Minor,‚ùå,,GitHub Releases,,,,,,https://pypi.org/project/mcp-sqlserver-filesystem/0.1.2/,Press,Auto-Discovery,,,pending_review
agemcp-0.2.0.tar.gz,agemcp-0-2-0-tar-gz,pending_review,,,,,,,,,,https://files.pythonhosted.org/packages/5b/d3/5c5c1d15591dd26d39d6527c551be3303cfa4e9ee3ec449ebb0c5a83697d/agemcp-0.2.0.tar.gz,Scraped,site_rescan,,,pending_review
agemcp-0.2.0-py3-none-any.whl,agemcp-0-2-0-py3-none-any-whl,pending_review,,,,,,,,,,https://files.pythonhosted.org/packages/91/5a/66d4b2f95dd875efa3ef5817d5d830e6c9c2a9fd165b8338ee076e842695/agemcp-0.2.0-py3-none-any.whl,Scraped,site_rescan,,,pending_review
axmp-openapi-mcp-server 0.1.9,axmp-openapi-mcp-server-0-1-9,pending_review,Minor,‚ùå,,GitHub Releases,,,,,,https://pypi.org/project/axmp-openapi-mcp-server/0.1.9/,Press,Auto-Discovery,,,pending_review
shipboss-mcp-server 4.0.8,shipboss-mcp-server-4-0-8,pending_review,Minor,‚ùå,,GitHub Releases,,,,,,https://pypi.org/project/shipboss-mcp-server/4.0.8/,Press,Auto-Discovery,,,pending_review
mcp-server-bb 0.1.4,mcp-server-bb-0-1-4,pending_review,Minor,‚ùå,,GitHub Releases,,,,,,https://pypi.org/project/mcp-server-bb/0.1.4/,Press,Auto-Discovery,,,pending_review
shipboss-mcp-server 4.0.7,shipboss-mcp-server-4-0-7,pending_review,Minor,‚ùå,,GitHub Releases,,,,,,https://pypi.org/project/shipboss-mcp-server/4.0.7/,Press,Auto-Discovery,,,pending_review
mcp-server-bb 0.1.3,mcp-server-bb-0-1-3,pending_review,Minor,‚ùå,,GitHub Releases,,,,,,https://pypi.org/project/mcp-server-bb/0.1.3/,Press,Auto-Discovery,,,pending_review
maven-decoder-mcp 1.0.15,maven-decoder-mcp-1-0-15,pending_review,Minor,‚ùå,,GitHub Releases,,,,,,https://pypi.org/project/maven-decoder-mcp/1.0.15/,Press,Auto-Discovery,,,pending_review
agenta 0.51.0,agenta-0-51-0,pending_review,Minor,‚ùå,,GitHub Releases,,,,,,https://pypi.org/project/agenta/0.51.0/,Press,Auto-Discovery,,,pending_review
stigg-sidecar-sdk 3.43.0,stigg-sidecar-sdk-3-43-0,pending_review,Minor,‚ùå,,GitHub Releases,,,,,,https://pypi.org/project/stigg-sidecar-sdk/3.43.0/,Press,Auto-Discovery,,,pending_review
orchestr8-platform 3.1.0,orchestr8-platform-3-1-0,pending_review,Minor,‚ùå,,GitHub Releases,,,,,,https://pypi.org/project/orchestr8-platform/3.1.0/,Press,Auto-Discovery,,,pending_review
linux-mcp-toolkit 1.0.0,linux-mcp-toolkit-1-0-0,pending_review,Minor,‚ùå,,GitHub Releases,,,,,,https://pypi.org/project/linux-mcp-toolkit/1.0.0/,Press,Auto-Discovery,,,pending_review
vinagent 0.0.5.post1,vinagent-0-0-5-post1,pending_review,Minor,‚ùå,,GitHub Releases,,,,,,https://pypi.org/project/vinagent/0.0.5.post1/,Press,Auto-Discovery,,,pending_review
mtv-mcp 1.0.11,mtv-mcp-1-0-11,pending_review,Minor,‚ùå,,GitHub Releases,,,,,,https://pypi.org/project/mtv-mcp/1.0.11/,Press,Auto-Discovery,,,pending_review
pCloudy-mcp 0.1.3,pcloudy-mcp-0-1-3,pending_review,Minor,‚ùå,,GitHub Releases,,,,,,https://pypi.org/project/pcloudy-mcp/0.1.3/,Press,Auto-Discovery,,,pending_review
ib-mcp 0.2.6,ib-mcp-0-2-6,pending_review,Minor,‚ùå,,GitHub Releases,,,,,,https://pypi.org/project/ib-mcp/0.2.6/,Press,Auto-Discovery,,,pending_review
iflow-mcp_mcp-email-server 0.0.5,iflow-mcp-mcp-email-server-0-0-5,pending_review,Minor,‚ùå,,GitHub Releases,,,,,,https://pypi.org/project/iflow-mcp-mcp-email-server/0.0.5/,Press,Auto-Discovery,,,pending_review
whalegamer-forecast-mcp 0.1.0,whalegamer-forecast-mcp-0-1-0,pending_review,Minor,‚ùå,,GitHub Releases,,,,,,https://pypi.org/project/whalegamer-forecast-mcp/0.1.0/,Press,Auto-Discovery,,,pending_review
stigg-sidecar-sdk 3.54.0,stigg-sidecar-sdk-3-54-0,pending_review,Minor,‚ùå,,GitHub Releases,,,,,,https://pypi.org/project/stigg-sidecar-sdk/3.54.0/,Press,Auto-Discovery,,,pending_review
tenxagent 0.1.5,tenxagent-0-1-5,pending_review,Minor,‚ùå,,GitHub Releases,,,,,,https://pypi.org/project/tenxagent/0.1.5/,Press,Auto-Discovery,,,pending_review
ethyca-fides 2.69.1b0,ethyca-fides-2-69-1b0,pending_review,Minor,‚ùå,,GitHub Releases,,,,,,https://pypi.org/project/ethyca-fides/2.69.1b0/,Press,Auto-Discovery,,,pending_review
standard-agent 0.1.3,standard-agent-0-1-3,pending_review,Minor,‚ùå,,GitHub Releases,,,,,,https://pypi.org/project/standard-agent/0.1.3/,Press,Auto-Discovery,,,pending_review
agentup 0.7.4,agentup-0-7-4,pending_review,Minor,‚ùå,,GitHub Releases,,,,,,https://pypi.org/project/agentup/0.7.4/,Press,Auto-Discovery,,,pending_review
agentic-blocks 0.1.14,agentic-blocks-0-1-14,pending_review,Minor,‚ùå,,GitHub Releases,,,,,,https://pypi.org/project/agentic-blocks/0.1.14/,Press,Auto-Discovery,,,pending_review
agentic-blocks 0.1.13,agentic-blocks-0-1-13,pending_review,Minor,‚ùå,,GitHub Releases,,,,,,https://pypi.org/project/agentic-blocks/0.1.13/,Press,Auto-Discovery,,,pending_review
mle-kit-mcp 0.0.8,mle-kit-mcp-0-0-8,pending_review,Minor,‚ùå,,GitHub Releases,,,,,,https://pypi.org/project/mle-kit-mcp/0.0.8/,Press,Auto-Discovery,,,pending_review
academia-mcp 1.6.5,academia-mcp-1-6-5,pending_review,Minor,‚ùå,,GitHub Releases,,,,,,https://pypi.org/project/academia-mcp/1.6.5/,Press,Auto-Discovery,,,pending_review
solana-agent 31.1.1,solana-agent-31-1-1,pending_review,Minor,‚ùå,,GitHub Releases,,,,,,https://pypi.org/project/solana-agent/31.1.1/,Press,Auto-Discovery,,,pending_review
pyramid-mcp 0.0.21,pyramid-mcp-0-0-21,pending_review,Minor,‚ùå,,GitHub Releases,,,,,,https://pypi.org/project/pyramid-mcp/0.0.21/,Press,Auto-Discovery,,,pending_review
mcp-proxy-adapter 6.1.1,mcp-proxy-adapter-6-1-1,pending_review,Minor,‚ùå,,GitHub Releases,,,,,,https://pypi.org/project/mcp-proxy-adapter/6.1.1/,Press,Auto-Discovery,,,pending_review
atlas-provider-sqlalchemy 0.4.0,atlas-provider-sqlalchemy-0-4-0,pending_review,Minor,‚ùå,,GitHub Releases,,,,,,https://pypi.org/project/atlas-provider-sqlalchemy/0.4.0/,Press,Auto-Discovery,,,pending_review
mcp-agentmemory 0.1.3,mcp-agentmemory-0-1-3,pending_review,Minor,‚ùå,,GitHub Releases,,,,,,https://pypi.org/project/mcp-agentmemory/0.1.3/,Press,Auto-Discovery,,,pending_review
mcp-agentmemory 0.1.2,mcp-agentmemory-0-1-2,pending_review,Minor,‚ùå,,GitHub Releases,,,,,,https://pypi.org/project/mcp-agentmemory/0.1.2/,Press,Auto-Discovery,,,pending_review
mcp-agentmemory 0.1.1,mcp-agentmemory-0-1-1,pending_review,Minor,‚ùå,,GitHub Releases,,,,,,https://pypi.org/project/mcp-agentmemory/0.1.1/,Press,Auto-Discovery,,,pending_review
mcp-agentmemory 0.1.0,mcp-agentmemory-0-1-0,pending_review,Minor,‚ùå,,GitHub Releases,,,,,,https://pypi.org/project/mcp-agentmemory/0.1.0/,Press,Auto-Discovery,,,pending_review
mle-kit-mcp 0.1.3,mle-kit-mcp-0-1-3,pending_review,Minor,‚ùå,,GitHub Releases,,,,,,https://pypi.org/project/mle-kit-mcp/0.1.3/,Press,Auto-Discovery,,,pending_review
mle-kit-mcp 0.1.2,mle-kit-mcp-0-1-2,pending_review,Minor,‚ùå,,GitHub Releases,,,,,,https://pypi.org/project/mle-kit-mcp/0.1.2/,Press,Auto-Discovery,,,pending_review
sqltodsltranslator-mcp 0.1.1,sqltodsltranslator-mcp-0-1-1,pending_review,Minor,‚ùå,,GitHub Releases,,,,,,https://pypi.org/project/sqltodsltranslator-mcp/0.1.1/,Press,Auto-Discovery,,,pending_review
eks-infra-mcp 0.1.5,eks-infra-mcp-0-1-5,pending_review,Minor,‚ùå,,GitHub Releases,,,,,,https://pypi.org/project/eks-infra-mcp/0.1.5/,Press,Auto-Discovery,,,pending_review
any-agent 1.7.0,any-agent-1-7-0,pending_review,Minor,‚ùå,,GitHub Releases,,,,,,https://pypi.org/project/any-agent/1.7.0/,Press,Auto-Discovery,,,pending_review
orchestracto-sdk 0.0.28,orchestracto-sdk-0-0-28,pending_review,Minor,‚ùå,,GitHub Releases,,,,,,https://pypi.org/project/orchestracto-sdk/0.0.28/,Press,Auto-Discovery,,,pending_review
mcp-proxy-adapter 6.2.2,mcp-proxy-adapter-6-2-2,pending_review,Minor,‚ùå,,GitHub Releases,,,,,,https://pypi.org/project/mcp-proxy-adapter/6.2.2/,Press,Auto-Discovery,,,pending_review
traffic-generator-mcp 1.0.0,traffic-generator-mcp-1-0-0,pending_review,Minor,‚ùå,,GitHub Releases,,,,,,https://pypi.org/project/traffic-generator-mcp/1.0.0/,Press,Auto-Discovery,,,pending_review
wayspiritmcp-weather 0.1.5,wayspiritmcp-weather-0-1-5,pending_review,Minor,‚ùå,,GitHub Releases,,,,,,https://pypi.org/project/wayspiritmcp-weather/0.1.5/,Press,Auto-Discovery,,,pending_review
chart-review 2.3.2,chart-review-2-3-2,pending_review,Minor,‚ùå,,GitHub Releases,,,,,,https://pypi.org/project/chart-review/2.3.2/,Press,Auto-Discovery,,,pending_review
konokenj.cdk-api-mcp-server 0.43.0,konokenj-cdk-api-mcp-server-0-43-0,pending_review,Minor,‚ùå,,GitHub Releases,,,,,,https://pypi.org/project/konokenj-cdk-api-mcp-server/0.43.0/,Press,Auto-Discovery,,,pending_review
mcp-proxy-adapter 6.2.16,mcp-proxy-adapter-6-2-16,pending_review,Minor,‚ùå,,GitHub Releases,,,,,,https://pypi.org/project/mcp-proxy-adapter/6.2.16/,Press,Auto-Discovery,,,pending_review
tenxagent 0.1.9,tenxagent-0-1-9,pending_review,Minor,‚ùå,,GitHub Releases,,,,,,https://pypi.org/project/tenxagent/0.1.9/,Press,Auto-Discovery,,,pending_review
gis-mcp 0.8.0,gis-mcp-0-8-0,pending_review,Minor,‚ùå,,GitHub Releases,,,,,,https://pypi.org/project/gis-mcp/0.8.0/,Press,Auto-Discovery,,,pending_review
agent-guard-core 0.1.33,agent-guard-core-0-1-33,pending_review,Minor,‚ùå,,GitHub Releases,,,,,,https://pypi.org/project/agent-guard-core/0.1.33/,Press,Auto-Discovery,,,pending_review
codemie-mcp-datasources 0.1.144,codemie-mcp-datasources-0-1-144,pending_review,Minor,‚ùå,,GitHub Releases,,,,,,https://pypi.org/project/codemie-mcp-datasources/0.1.144/,Press,Auto-Discovery,,,pending_review
codemie-mcp-assistants 0.1.144,codemie-mcp-assistants-0-1-144,pending_review,Minor,‚ùå,,GitHub Releases,,,,,,https://pypi.org/project/codemie-mcp-assistants/0.1.144/,Press,Auto-Discovery,,,pending_review
first-mcp-one 0.1.5,first-mcp-one-0-1-5,pending_review,Minor,‚ùå,,GitHub Releases,,,,,,https://pypi.org/project/first-mcp-one/0.1.5/,Press,Auto-Discovery,,,pending_review
video-format-converter-mcp 0.1.3,video-format-converter-mcp-0-1-3,pending_review,Minor,‚ùå,,GitHub Releases,,,,,,https://pypi.org/project/video-format-converter-mcp/0.1.3/,Press,Auto-Discovery,,,pending_review
albumentations-mcp 0.1.0b6,albumentations-mcp-0-1-0b6,pending_review,Minor,‚ùå,,GitHub Releases,,,,,,https://pypi.org/project/albumentations-mcp/0.1.0b6/,Press,Auto-Discovery,,,pending_review
imas-mcp 2.2.0,imas-mcp-2-2-0,pending_review,Minor,‚ùå,,GitHub Releases,,,,,,https://pypi.org/project/imas-mcp/2.2.0/,Press,Auto-Discovery,,,pending_review
sugar-mcp 0.3.6,sugar-mcp-0-3-6,pending_review,Minor,‚ùå,,GitHub Releases,,,,,,https://pypi.org/project/sugar-mcp/0.3.6/,Press,Auto-Discovery,,,pending_review
bitbucket-code-reviewer 0.1.3,bitbucket-code-reviewer-0-1-3,pending_review,Minor,‚ùå,,GitHub Releases,,,,,,https://pypi.org/project/bitbucket-code-reviewer/0.1.3/,Press,Auto-Discovery,,,pending_review
google-secops-mcp 0.2.0,google-secops-mcp-0-2-0,pending_review,Minor,‚ùå,,GitHub Releases,,,,,,https://pypi.org/project/google-secops-mcp/0.2.0/,Press,Auto-Discovery,,,pending_review
bitbucket-code-reviewer 0.1.2,bitbucket-code-reviewer-0-1-2,pending_review,Minor,‚ùå,,GitHub Releases,,,,,,https://pypi.org/project/bitbucket-code-reviewer/0.1.2/,Press,Auto-Discovery,,,pending_review
aduib-mcp-router 1.0.4,aduib-mcp-router-1-0-4,pending_review,Minor,‚ùå,,GitHub Releases,,,,,,https://pypi.org/project/aduib-mcp-router/1.0.4/,Press,Auto-Discovery,,,pending_review
solace-agent-mesh 1.1.0,solace-agent-mesh-1-1-0,pending_review,Minor,‚ùå,,GitHub Releases,,,,,,https://pypi.org/project/solace-agent-mesh/1.1.0/,Press,Auto-Discovery,,,pending_review
agentle 0.8.18,agentle-0-8-18,pending_review,Minor,‚ùå,,GitHub Releases,,,,,,https://pypi.org/project/agentle/0.8.18/,Press,Auto-Discovery,,,pending_review
aduib-mcp-router 1.0.3,aduib-mcp-router-1-0-3,pending_review,Minor,‚ùå,,GitHub Releases,,,,,,https://pypi.org/project/aduib-mcp-router/1.0.3/,Press,Auto-Discovery,,,pending_review
aduib-mcp-router 1.0.1,aduib-mcp-router-1-0-1,pending_review,Minor,‚ùå,,GitHub Releases,,,,,,https://pypi.org/project/aduib-mcp-router/1.0.1/,Press,Auto-Discovery,,,pending_review
chuk-mcp-server 0.2.3,chuk-mcp-server-0-2-3,pending_review,Minor,‚ùå,,GitHub Releases,,,,,,https://pypi.org/project/chuk-mcp-server/0.2.3/,Press,Auto-Discovery,,,pending_review
solana-agent 31.1.7,solana-agent-31-1-7,pending_review,Minor,‚ùå,,GitHub Releases,,,,,,https://pypi.org/project/solana-agent/31.1.7/,Press,Auto-Discovery,,,pending_review
codemie-mcp-datasources 0.1.151,codemie-mcp-datasources-0-1-151,pending_review,Minor,‚ùå,,GitHub Releases,,,,,,https://pypi.org/project/codemie-mcp-datasources/0.1.151/,Press,Auto-Discovery,,,pending_review
jobbergate-agent 5.8.0,jobbergate-agent-5-8-0,pending_review,Minor,‚ùå,,GitHub Releases,,,,,,https://pypi.org/project/jobbergate-agent/5.8.0/,Press,Auto-Discovery,,,pending_review
codemie-mcp-assistants 0.1.151,codemie-mcp-assistants-0-1-151,pending_review,Minor,‚ùå,,GitHub Releases,,,,,,https://pypi.org/project/codemie-mcp-assistants/0.1.151/,Press,Auto-Discovery,,,pending_review
amazon-mcp 0.1.13,amazon-mcp-0-1-13,pending_review,Minor,‚ùå,,GitHub Releases,,,,,,https://pypi.org/project/amazon-mcp/0.1.13/,Press,Auto-Discovery,,,pending_review
solana-agent 31.1.6,solana-agent-31-1-6,pending_review,Minor,‚ùå,,GitHub Releases,,,,,,https://pypi.org/project/solana-agent/31.1.6/,Press,Auto-Discovery,,,pending_review
xin-mcp-demo 0.1.0,xin-mcp-demo-0-1-0,pending_review,Minor,‚ùå,,GitHub Releases,,,,,,https://pypi.org/project/xin-mcp-demo/0.1.0/,Press,Auto-Discovery,,,pending_review
crewai-mcp-server 0.1.0,crewai-mcp-server-0-1-0,pending_review,Minor,‚ùå,,GitHub Releases,,,,,,https://pypi.org/project/crewai-mcp-server/0.1.0/,Press,Auto-Discovery,,,pending_review
mcp-meteo 0.2.0,mcp-meteo-0-2-0,pending_review,Minor,‚ùå,,GitHub Releases,,,,,,https://pypi.org/project/mcp-meteo/0.2.0/,Press,Auto-Discovery,,,pending_review
xcpcio-board-spider 0.0.82,xcpcio-board-spider-0-0-82,pending_review,Minor,‚ùå,,GitHub Releases,,,,,,https://pypi.org/project/xcpcio-board-spider/0.0.82/,Press,Auto-Discovery,,,pending_review
odoo-addon-gestion-editorial 17.0.1.1.0,odoo-addon-gestion-editorial-17-0-1-1-0,pending_review,Minor,‚ùå,,GitHub Releases,,,,,,https://pypi.org/project/odoo-addon-gestion-editorial/17.0.1.1.0/,Press,Auto-Discovery,,,pending_review
odoo-addon-exportar-stock-editorial-xls 17.0.1.1.0,odoo-addon-exportar-stock-editorial-xls-17-0-1-1-0,pending_review,Minor,‚ùå,,GitHub Releases,,,,,,https://pypi.org/project/odoo-addon-exportar-stock-editorial-xls/17.0.1.1.0/,Press,Auto-Discovery,,,pending_review
mcp-calculator-demo 0.4.1,mcp-calculator-demo-0-4-1,pending_review,Minor,‚ùå,,GitHub Releases,,,,,,https://pypi.org/project/mcp-calculator-demo/0.4.1/,Press,Auto-Discovery,,,pending_review
agentic-blocks 0.1.23,agentic-blocks-0-1-23,pending_review,Minor,‚ùå,,GitHub Releases,,,,,,https://pypi.org/project/agentic-blocks/0.1.23/,Press,Auto-Discovery,,,pending_review
hanzo-mcp 0.8.5,hanzo-mcp-0-8-5,pending_review,Minor,‚ùå,,GitHub Releases,,,,,,https://pypi.org/project/hanzo-mcp/0.8.5/,Press,Auto-Discovery,,,pending_review
hanzo-agents 0.1.1,hanzo-agents-0-1-1,pending_review,Minor,‚ùå,,GitHub Releases,,,,,,https://pypi.org/project/hanzo-agents/0.1.1/,Press,Auto-Discovery,,,pending_review
rasesql-mcp-server 1.0.1,rasesql-mcp-server-1-0-1,pending_review,Minor,‚ùå,,GitHub Releases,,,,,,https://pypi.org/project/rasesql-mcp-server/1.0.1/,Press,Auto-Discovery,,,pending_review
media-agent-mcp 2.7.0,media-agent-mcp-2-7-0,pending_review,Minor,‚ùå,,GitHub Releases,,,,,,https://pypi.org/project/media-agent-mcp/2.7.0/,Press,Auto-Discovery,,,pending_review
golem-vm-provider 0.1.37,golem-vm-provider-0-1-37,pending_review,Minor,‚ùå,,GitHub Releases,,,,,,https://pypi.org/project/golem-vm-provider/0.1.37/,Press,Auto-Discovery,,,pending_review
sage-agent-internal 0.4.6,sage-agent-internal-0-4-6,pending_review,Minor,‚ùå,,GitHub Releases,,,,,,https://pypi.org/project/sage-agent-internal/0.4.6/,Press,Auto-Discovery,,,pending_review
qlik-sense-mcp-server 1.3.0,qlik-sense-mcp-server-1-3-0,pending_review,Minor,‚ùå,,GitHub Releases,,,,,,https://pypi.org/project/qlik-sense-mcp-server/1.3.0/,Press,Auto-Discovery,,,pending_review
videoipath-automation-tool 0.5.2.dev288,videoipath-automation-tool-0-5-2-dev288,pending_review,Minor,‚ùå,,GitHub Releases,,,,,,https://pypi.org/project/videoipath-automation-tool/0.5.2.dev288/,Press,Auto-Discovery,,,pending_review
PySide6-ElaWidgetTools 0.0.6,pyside6-elawidgettools-0-0-6,pending_review,Minor,‚ùå,,GitHub Releases,,,,,,https://pypi.org/project/pyside6-elawidgettools/0.0.6/,Press,Auto-Discovery,,,pending_review
nanobanana-mcp-server 0.1.6,nanobanana-mcp-server-0-1-6,pending_review,Minor,‚ùå,,GitHub Releases,,,,,,https://pypi.org/project/nanobanana-mcp-server/0.1.6/,Press,Auto-Discovery,,,pending_review
pandas-mcp-server-unofficial 0.1.0,pandas-mcp-server-unofficial-0-1-0,pending_review,Minor,‚ùå,,GitHub Releases,,,,,,https://pypi.org/project/pandas-mcp-server-unofficial/0.1.0/,Press,Auto-Discovery,,,pending_review
alita-mcp 0.1.22,alita-mcp-0-1-22,pending_review,Minor,‚ùå,,GitHub Releases,,,,,,https://pypi.org/project/alita-mcp/0.1.22/,Press,Auto-Discovery,,,pending_review
fastmcp-ui 0.1.0,fastmcp-ui-0-1-0,pending_review,Minor,‚ùå,,GitHub Releases,,,,,,https://pypi.org/project/fastmcp-ui/0.1.0/,Press,Auto-Discovery,,,pending_review
superposition-provider 0.89.0,superposition-provider-0-89-0,pending_review,Minor,‚ùå,,GitHub Releases,,,,,,https://pypi.org/project/superposition-provider/0.89.0/,Press,Auto-Discovery,,,pending_review
schedule-mcp-server 0.1.2,schedule-mcp-server-0-1-2,pending_review,Minor,‚ùå,,GitHub Releases,,,,,,https://pypi.org/project/schedule-mcp-server/0.1.2/,Press,Auto-Discovery,,,pending_review
AgentService 0.0.57,agentservice-0-0-57,pending_review,Minor,‚ùå,,GitHub Releases,,,,,,https://pypi.org/project/agentservice/0.0.57/,Press,Auto-Discovery,,,pending_review
claude-agent-toolkit 0.2.1,claude-agent-toolkit-0-2-1,pending_review,Minor,‚ùå,,GitHub Releases,,,,,,https://pypi.org/project/claude-agent-toolkit/0.2.1/,Press,Auto-Discovery,,,pending_review
python-mcp-server 1.0.1,python-mcp-server-1-0-1,pending_review,Minor,‚ùå,,GitHub Releases,,,,,,https://pypi.org/project/python-mcp-server/1.0.1/,Press,Auto-Discovery,,,pending_review
Qodo AwareThe most advanced deep research agent for complex codebases,qodo-awarethe-most-advanced-deep-research-agent-for-complex-codebases,pending_review,,,,,,,,,,https://www.qodo.ai/products/qodo-aware/,Scraped,site_rescan,,,pending_review
mcp-neo4j-cypher 0.4.0,mcp-neo4j-cypher-0-4-0,pending_review,Minor,‚ùå,,GitHub Releases,,,,,,https://pypi.org/project/mcp-neo4j-cypher/0.4.0/,Press,Auto-Discovery,,,pending_review
mcp-salesforce 0.1.3,mcp-salesforce-0-1-3,pending_review,Minor,‚ùå,,GitHub Releases,,,,,,https://pypi.org/project/mcp-salesforce/0.1.3/,Press,Auto-Discovery,,,pending_review
imas-mcp 2.4.9,imas-mcp-2-4-9,pending_review,Minor,‚ùå,,GitHub Releases,,,,,,https://pypi.org/project/imas-mcp/2.4.9/,Press,Auto-Discovery,,,pending_review
kolena-agents 0.5.0,kolena-agents-0-5-0,pending_review,Minor,‚ùå,,GitHub Releases,,,,,,https://pypi.org/project/kolena-agents/0.5.0/,Press,Auto-Discovery,,,pending_review
gllm-agents-binary 0.4.5,gllm-agents-binary-0-4-5,pending_review,Minor,‚ùå,,GitHub Releases,,,,,,https://pypi.org/project/gllm-agents-binary/0.4.5/,Press,Auto-Discovery,,,pending_review
yta-video-pyav 0.2.1,yta-video-pyav-0-2-1,pending_review,Minor,‚ùå,,GitHub Releases,,,,,,https://pypi.org/project/yta-video-pyav/0.2.1/,Press,Auto-Discovery,,,pending_review
google-search-console-mcp-python 0.1.2,google-search-console-mcp-python-0-1-2,pending_review,Minor,‚ùå,,GitHub Releases,,,,,,https://pypi.org/project/google-search-console-mcp-python/0.1.2/,Press,Auto-Discovery,,,pending_review
flybase-mcp 0.1.6,flybase-mcp-0-1-6,pending_review,Minor,‚ùå,,GitHub Releases,,,,,,https://pypi.org/project/flybase-mcp/0.1.6/,Press,Auto-Discovery,,,pending_review
flybase-mcp 0.1.5,flybase-mcp-0-1-5,pending_review,Minor,‚ùå,,GitHub Releases,,,,,,https://pypi.org/project/flybase-mcp/0.1.5/,Press,Auto-Discovery,,,pending_review
mcp-web-tools 0.7.2,mcp-web-tools-0-7-2,pending_review,Minor,‚ùå,,GitHub Releases,,,,,,https://pypi.org/project/mcp-web-tools/0.7.2/,Press,Auto-Discovery,,,pending_review
pitchlense-mcp 1.0.4,pitchlense-mcp-1-0-4,pending_review,Minor,‚ùå,,GitHub Releases,,,,,,https://pypi.org/project/pitchlense-mcp/1.0.4/,Press,Auto-Discovery,,,pending_review
flybase-mcp 0.1.4,flybase-mcp-0-1-4,pending_review,Minor,‚ùå,,GitHub Releases,,,,,,https://pypi.org/project/flybase-mcp/0.1.4/,Press,Auto-Discovery,,,pending_review
aider-code 0.1.1.post58,aider-code-0-1-1-post58,pending_review,Minor,‚ùå,,GitHub Releases,,,,,,https://pypi.org/project/aider-code/0.1.1.post58/,Press,Auto-Discovery,,,pending_review
vibegit-mcp 0.1.5,vibegit-mcp-0-1-5,pending_review,Minor,‚ùå,,GitHub Releases,,,,,,https://pypi.org/project/vibegit-mcp/0.1.5/,Press,Auto-Discovery,,,pending_review
yandex-tracker-mcp 0.4.3,yandex-tracker-mcp-0-4-3,pending_review,Minor,‚ùå,,GitHub Releases,,,,,,https://pypi.org/project/yandex-tracker-mcp/0.4.3/,Press,Auto-Discovery,,,pending_review
mcpcn-splitscreen 0.1.10,mcpcn-splitscreen-0-1-10,pending_review,Minor,‚ùå,,GitHub Releases,,,,,,https://pypi.org/project/mcpcn-splitscreen/0.1.10/,Press,Auto-Discovery,,,pending_review
universal-mcp-applications 0.1.13,universal-mcp-applications-0-1-13,pending_review,Minor,‚ùå,,GitHub Releases,,,,,,https://pypi.org/project/universal-mcp-applications/0.1.13/,Press,Auto-Discovery,,,pending_review
mle-kit-mcp 1.1.6,mle-kit-mcp-1-1-6,pending_review,Minor,‚ùå,,GitHub Releases,,,,,,https://pypi.org/project/mle-kit-mcp/1.1.6/,Press,Auto-Discovery,,,pending_review
AbstractAgents 0.1.0,abstractagents-0-1-0,pending_review,Minor,‚ùå,,GitHub Releases,,,,,,https://pypi.org/project/abstractagents/0.1.0/,Press,Auto-Discovery,,,pending_review
db-provider-postgres 0.0.12,db-provider-postgres-0-0-12,pending_review,Minor,‚ùå,,GitHub Releases,,,,,,https://pypi.org/project/db-provider-postgres/0.0.12/,Press,Auto-Discovery,,,pending_review
db-provider-postgres 0.0.11,db-provider-postgres-0-0-11,pending_review,Minor,‚ùå,,GitHub Releases,,,,,,https://pypi.org/project/db-provider-postgres/0.0.11/,Press,Auto-Discovery,,,pending_review
db-provider-postgres 0.0.10,db-provider-postgres-0-0-10,pending_review,Minor,‚ùå,,GitHub Releases,,,,,,https://pypi.org/project/db-provider-postgres/0.0.10/,Press,Auto-Discovery,,,pending_review
db-provider-postgres 0.0.9,db-provider-postgres-0-0-9,pending_review,Minor,‚ùå,,GitHub Releases,,,,,,https://pypi.org/project/db-provider-postgres/0.0.9/,Press,Auto-Discovery,,,pending_review
videosdk 0.2.4,videosdk-0-2-4,pending_review,Minor,‚ùå,,GitHub Releases,,,,,,https://pypi.org/project/videosdk/0.2.4/,Press,Auto-Discovery,,,pending_review
tenxagent 0.1.15,tenxagent-0-1-15,pending_review,Minor,‚ùå,,GitHub Releases,,,,,,https://pypi.org/project/tenxagent/0.1.15/,Press,Auto-Discovery,,,pending_review
TradeTide 0.2.6,tradetide-0-2-6,pending_review,Minor,‚ùå,,GitHub Releases,,,,,,https://pypi.org/project/tradetide/0.2.6/,Press,Auto-Discovery,,,pending_review
tenxagent 0.1.14,tenxagent-0-1-14,pending_review,Minor,‚ùå,,GitHub Releases,,,,,,https://pypi.org/project/tenxagent/0.1.14/,Press,Auto-Discovery,,,pending_review
